{"stat.pickup.minecraft.boat":2,"stat.pickup.minecraft.double_plant":1,"stat.walkOneCm":59579,"stat.pickup.minecraft.bone":3,"stat.useItem.minecraft.iron_axe":30,"stat.leaveGame":1,"stat.drop.minecraft.rotten_flesh":4,"stat.pickup.minecraft.arrow":4,"stat.pickup.minecraft.crafting_table":1,"stat.craftItem.minecraft.crafting_table":1,"stat.craftItem.minecraft.boat":1,"stat.killEntity.Creeper":1,"stat.useItem.minecraft.diamond_sword":31,"stat.useItem.minecraft.rotten_flesh":10,"stat.pickup.minecraft.string":1,"stat.pickup.minecraft.log":5,"stat.jump":728,"stat.swimOneCm":10436,"stat.fallOneCm":22924,"stat.crouchOneCm":184,"stat.pickup.minecraft.chicken":4,"stat.pickup.minecraft.spider_eye":2,"stat.pickup.minecraft.sapling":1,"stat.sprintOneCm":68368,"stat.useItem.minecraft.stone_slab2":7,"stat.useItem.minecraft.fireworks":1,"stat.craftingTableInteraction":1,"stat.pickup.minecraft.rotten_flesh":14,"stat.pickup.minecraft.sand":20,"stat.killEntity.Skeleton":2,"stat.boatOneCm":53287,"stat.entityKilledBy.Spider":1,"stat.craftItem.minecraft.planks":20,"stat.killEntity.Chicken":4,"stat.damageTaken":1302,"stat.killEntity.Spider":3,"stat.mineBlock.minecraft.crafting_table":1,"stat.pickup.minecraft.feather":2,"stat.mineBlock.minecraft.red_flower":3,"stat.mobKills":28,"stat.mineBlock.minecraft.log":5,"stat.aviateOneCm":1043842,"stat.useItem.minecraft.golden_apple":2,"stat.flyOneCm":143087,"stat.useItem.minecraft.boat":3,"stat.deaths":2,"stat.drop":3,"stat.mineBlock.minecraft.leaves":4,"stat.mineBlock.minecraft.sand":20,"stat.playOneMinute":28968,"stat.killEntity.Sheep":1,"stat.pickup.minecraft.red_flower":3,"stat.sneakTime":164,"stat.pickup.minecraft.wool":1,"stat.damageDealt":5084,"stat.killEntity.Zombie":16,"stat.timeSinceDeath":1600,"stat.useItem.minecraft.spawn_egg":13,"stat.drop.minecraft.spider_eye":1,"stat.diveOneCm":42965,"stat.pickup.minecraft.mutton":2}