{"stat.pickup.minecraft.rotten_flesh":4,"stat.pickup.minecraft.sand":13,"stat.walkOneCm":13714,"stat.leaveGame":1,"stat.drop.minecraft.rotten_flesh":4,"stat.mobKills":4,"stat.flyOneCm":10743,"stat.drop":2,"stat.jump":95,"stat.mineBlock.minecraft.sand":13,"stat.mineBlock.minecraft.leaves":2,"stat.playOneMinute":4668,"stat.fallOneCm":418,"stat.sneakTime":5,"stat.damageDealt":900,"stat.crouchOneCm":58,"stat.killEntity.Zombie":3,"stat.timeSinceDeath":4668,"stat.sprintOneCm":4725,"stat.useItem.minecraft.spawn_egg":6}