{"stat.pickup.minecraft.boat":2,"stat.pickup.minecraft.double_plant":1,"stat.walkOneCm":44793,"stat.pickup.minecraft.bone":3,"stat.useItem.minecraft.iron_axe":30,"stat.leaveGame":1,"stat.drop.minecraft.rotten_flesh":4,"stat.pickup.minecraft.arrow":4,"stat.pickup.minecraft.crafting_table":1,"stat.craftItem.minecraft.crafting_table":1,"stat.craftItem.minecraft.boat":1,"stat.killEntity.Creeper":1,"stat.useItem.minecraft.diamond_sword":31,"stat.useItem.minecraft.rotten_flesh":10,"stat.pickup.minecraft.string":1,"stat.pickup.minecraft.log":5,"stat.jump":456,"stat.swimOneCm":5448,"stat.fallOneCm":9060,"stat.crouchOneCm":184,"stat.pickup.minecraft.chicken":4,"stat.pickup.minecraft.spider_eye":1,"stat.pickup.minecraft.sapling":1,"stat.sprintOneCm":50447,"stat.useItem.minecraft.stone_slab2":5,"stat.craftingTableInteraction":1,"stat.pickup.minecraft.rotten_flesh":14,"stat.pickup.minecraft.sand":19,"stat.killEntity.Skeleton":2,"stat.boatOneCm":53287,"stat.craftItem.minecraft.planks":20,"stat.killEntity.Chicken":4,"stat.damageTaken":315,"stat.killEntity.Spider":2,"stat.mineBlock.minecraft.crafting_table":1,"stat.pickup.minecraft.feather":2,"stat.mineBlock.minecraft.red_flower":1,"stat.mobKills":27,"stat.mineBlock.minecraft.log":5,"stat.flyOneCm":78764,"stat.useItem.minecraft.boat":3,"stat.drop":2,"stat.mineBlock.minecraft.leaves":3,"stat.mineBlock.minecraft.sand":19,"stat.playOneMinute":16368,"stat.killEntity.Sheep":1,"stat.pickup.minecraft.red_flower":1,"stat.sneakTime":46,"stat.pickup.minecraft.wool":1,"stat.damageDealt":4760,"stat.killEntity.Zombie":16,"stat.timeSinceDeath":16368,"stat.useItem.minecraft.spawn_egg":13,"stat.diveOneCm":6384,"stat.pickup.minecraft.mutton":2}